shops,ratings,userids,shops_index,userids_index,prediction
the-bao-makers-singapore,4.0,2043,148.0,0.0,3.9331024
the-coffee-shot-singapore,4.0,2326,471.0,124.0,3.9336052
little-farms-cafe-singapore,4.0,2043,496.0,0.0,3.8955767
lam-yeo-coffee-powder-fty-singapore,5.0,2043,540.0,0.0,4.8699913
nassim-hill-bakery-bistro-bar-singapore,4.0,1514,31.0,255.0,3.9424427
nassim-hill-bakery-bistro-bar-singapore,4.0,128,31.0,34.0,3.9272442
nassim-hill-bakery-bistro-bar-singapore,4.0,1123,31.0,19.0,3.9414964
nassim-hill-bakery-bistro-bar-singapore,4.0,1538,31.0,494.0,3.899933
nassim-hill-bakery-bistro-bar-singapore,4.0,555,31.0,794.0,3.9603372
nassim-hill-bakery-bistro-bar-singapore,4.0,2493,31.0,21.0,3.9494753
nassim-hill-bakery-bistro-bar-singapore,4.0,149,31.0,315.0,3.95103
brill-singapore,4.0,1051,516.0,5.0,3.9147174
selfie-coffee-singapore,5.0,2038,85.0,829.0,4.890954
stateland-cafe-singapore,5.0,1681,137.0,246.0,4.880248
stateland-cafe-singapore,5.0,1719,137.0,326.0,4.853981
stateland-cafe-singapore,5.0,57,137.0,39.0,4.9054484
stateland-cafe-singapore,5.0,643,137.0,453.0,4.9204464
stateland-cafe-singapore,5.0,2043,137.0,0.0,4.8825765
dolcetto-by-basilico-singapore,5.0,1602,251.0,14.0,4.8915024
coffee-club-singapore-5,5.0,2043,451.0,0.0,4.8509617
la-ristrettos-singapore,5.0,399,65.0,157.0,4.8582087
la-ristrettos-singapore,5.0,91,65.0,2.0,4.854512
la-ristrettos-singapore,5.0,2043,65.0,0.0,4.8713584
la-ristrettos-singapore,5.0,105,65.0,89.0,4.8727736
la-ristrettos-singapore,5.0,878,65.0,401.0,4.8488
nanyang-old-coffee-singapore-7,3.0,2331,879.0,116.0,2.963802
olivia-and-co-singapore,4.0,883,883.0,671.0,3.959431
rabbit-carrot-gun-singapore-2,4.0,1116,53.0,786.0,3.9703536
rabbit-carrot-gun-singapore-2,4.0,878,53.0,401.0,3.9146283
four-seasons-singapore-2,4.0,2416,588.0,150.0,3.9371493
builders-cafe-singapore-2,4.0,2469,804.0,360.0,3.9363163
old-town-white-coffee-singapore-8,3.0,726,133.0,207.0,2.9781818
tea-lounge-singapore-3,5.0,18,296.0,23.0,4.8892517
rayz-bistro-singapore,5.0,2043,472.0,0.0,4.8651457
m-seven-cafe-singapore,4.0,2043,853.0,0.0,3.91679
choupinette-singapore,4.0,1160,78.0,60.0,3.920279
flee-away-cafe-singapore,4.0,1075,322.0,10.0,3.9342263
flee-away-cafe-singapore,4.0,872,322.0,240.0,3.9449775
botany-singapore,4.0,1967,633.0,171.0,3.9614134
the-coffee-bean-and-tea-leaf-singapore-35,4.0,91,961.0,2.0,3.9089239
starbucks-singapore-92,5.0,2043,974.0,0.0,-0.40242657
smoothy-de-cafe-singapore,4.0,2043,976.0,0.0,3.911131
the-clueless-goat-singapore,4.0,1676,108.0,816.0,3.9042926
the-clueless-goat-singapore,4.0,1974,108.0,651.0,3.977331
the-clueless-goat-singapore,4.0,2097,108.0,33.0,3.9381807
the-clueless-goat-singapore,4.0,1022,108.0,66.0,3.9562514
the-clueless-goat-singapore,4.0,2043,108.0,0.0,3.9349532
pek-kio-market-and-food-centre-singapore,5.0,377,155.0,458.0,4.8205175
pek-kio-market-and-food-centre-singapore,5.0,1226,155.0,569.0,4.837812
apartment-coffee-singapore,5.0,2043,683.0,0.0,-0.031157153
cafe-melba-singapore,4.0,1166,34.0,329.0,3.9580135
cafe-melba-singapore,4.0,1956,34.0,125.0,3.9215355
five-oars-coffee-roasters-singapore-2,5.0,306,211.0,1.0,4.875126
craftsmen-specialty-coffee-singapore,4.0,789,101.0,16.0,3.915096
craftsmen-specialty-coffee-singapore,4.0,190,101.0,241.0,3.933567
craftsmen-specialty-coffee-singapore,4.0,1275,101.0,407.0,3.8912833
praelum-wine-bistro-singapore,5.0,186,115.0,3.0,4.891863
praelum-wine-bistro-singapore,5.0,1084,115.0,425.0,4.8540163
maccha-house-singapore,4.0,2363,126.0,539.0,3.9457104
maccha-house-singapore,4.0,2097,126.0,33.0,3.921054
the-aftertaste-singapore-2,5.0,2043,756.0,0.0,4.877384
koi-cafe-singapore-2,5.0,1419,81.0,143.0,4.929933
koi-cafe-singapore-2,5.0,2043,81.0,0.0,4.866322
starbucks-singapore-82,4.0,2043,385.0,0.0,3.943405
the-book-cafe-singapore,4.0,532,28.0,50.0,3.9218805
the-book-cafe-singapore,4.0,1861,28.0,70.0,3.929872
the-book-cafe-singapore,4.0,701,28.0,702.0,3.9109015
the-book-cafe-singapore,4.0,27,28.0,11.0,3.9361284
the-book-cafe-singapore,4.0,2218,28.0,71.0,3.932754
the-book-cafe-singapore,4.0,1825,28.0,42.0,3.9315414
the-book-cafe-singapore,4.0,1542,28.0,79.0,3.9288616
smør-singapore,4.0,2493,762.0,21.0,3.9457514
chatime-singapore-2,4.0,306,406.0,1.0,3.937175
bungy-bar-singapore,4.0,556,412.0,220.0,3.9202979
bungy-bar-singapore,4.0,2043,412.0,0.0,3.9158945
zeppelin-and-co-singapore,5.0,337,587.0,119.0,0.4606557
zeppelin-and-co-singapore,5.0,2043,587.0,0.0,0.4607471
boomarang-singapore,5.0,2061,76.0,4.0,4.8738303
boomarang-singapore,5.0,288,76.0,445.0,4.8826075
cow-palace-restaurant-and-cafe-singapore,4.0,2043,723.0,0.0,3.9132974
food-for-thought-singapore,4.0,368,26.0,412.0,3.9616053
food-for-thought-singapore,4.0,306,26.0,1.0,3.9302607
food-for-thought-singapore,4.0,789,26.0,16.0,3.9215062
food-for-thought-singapore,4.0,2247,26.0,120.0,3.928677
food-for-thought-singapore,4.0,2540,26.0,18.0,3.9150515
the-coffee-academics-singapore,3.0,1412,27.0,22.0,2.9743104
the-coffee-academics-singapore,3.0,1103,27.0,190.0,2.9734683
the-coffee-academics-singapore,3.0,27,27.0,11.0,2.9849074
365-fruit-juice-and-smoothie-singapore,4.0,2043,626.0,0.0,3.8697152
the-assembly-ground-singapore,4.0,2494,44.0,112.0,3.9053519
the-assembly-ground-singapore,4.0,2237,44.0,8.0,3.9224238
the-assembly-ground-singapore,4.0,1915,44.0,245.0,3.9442098
the-assembly-ground-singapore,4.0,1884,44.0,612.0,3.9599009
simply-bread-singapore-2,4.0,1276,159.0,27.0,3.9163864
simply-bread-singapore-2,4.0,306,159.0,1.0,3.9344294
simply-bread-singapore-2,4.0,1497,159.0,231.0,3.8705058
simply-bread-singapore-2,4.0,515,159.0,260.0,3.9376354
the-bread-project-singapore,4.0,2387,192.0,251.0,3.9027028
the-bread-project-singapore,4.0,1634,192.0,235.0,3.857787
joe-and-dough-singapore-9,3.0,1671,908.0,233.0,2.964713
all-in-singapore,5.0,407,253.0,95.0,4.860904
da-paolo-gastronomia-holland-village-singapore-2,4.0,1788,103.0,177.0,3.9569168
da-paolo-gastronomia-holland-village-singapore-2,4.0,970,103.0,74.0,3.9272218
common-man-stan-singapore,5.0,2043,236.0,0.0,4.8838997
40-hands-singapore,4.0,1445,12.0,336.0,3.894135
40-hands-singapore,4.0,1762,12.0,556.0,3.9048548
40-hands-singapore,4.0,2237,12.0,8.0,3.9177327
40-hands-singapore,4.0,18,12.0,23.0,3.91364
40-hands-singapore,4.0,450,12.0,514.0,3.9025202
40-hands-singapore,4.0,209,12.0,38.0,3.9340994
40-hands-singapore,4.0,1777,12.0,36.0,3.923595
charlie-brown-cafe-singapore-2,4.0,2379,350.0,166.0,3.9645927
charlie-brown-cafe-singapore-2,4.0,2043,350.0,0.0,3.9376295
ibake-singapore,3.0,162,973.0,697.0,2.9629228
play-nation-singapore,5.0,1779,223.0,52.0,4.89492
greyhound-singapore,5.0,1825,417.0,42.0,4.9018717
the-cat-cafe-singapore-2,5.0,691,602.0,297.0,4.894425
sinpopo-brand-singapore,5.0,75,91.0,12.0,4.8919296
sinpopo-brand-singapore,5.0,2214,91.0,449.0,4.846923
jin-wee-coffee-shop-singapore,4.0,2043,926.0,0.0,3.9151783
coffee-and-toast-singapore-4,3.0,401,822.0,256.0,2.973204
tianns-bakery-singapore,5.0,297,222.0,301.0,4.862452
tianns-bakery-singapore,5.0,2043,222.0,0.0,4.8776913
the-larder-cafe-singapore,5.0,91,285.0,2.0,4.871917
my-awesome-cafe-singapore,5.0,1878,22.0,355.0,4.8860006
my-awesome-cafe-singapore,5.0,1213,22.0,94.0,4.905289
my-awesome-cafe-singapore,5.0,2043,22.0,0.0,4.8648767
ya-kun-kaya-toast-singapore-10,4.0,1674,128.0,586.0,3.9826858
ya-kun-kaya-toast-singapore-10,4.0,1669,128.0,742.0,3.8961244
the-flying-squirrel-singapore,5.0,1092,122.0,229.0,4.9060483
the-flying-squirrel-singapore,5.0,2073,122.0,90.0,4.914903
botanist-singapore,5.0,1293,230.0,63.0,4.901317
botanist-singapore,5.0,2043,230.0,0.0,4.8798137
watanabe-coffee-singapore,4.0,1877,93.0,61.0,3.9413402
tom-n-toms-coffee-singapore,3.0,1412,190.0,22.0,2.966559
tom-n-toms-coffee-singapore,3.0,1779,190.0,52.0,2.969709
tom-n-toms-coffee-singapore,3.0,27,190.0,11.0,2.9771311
tom-n-toms-coffee-singapore,3.0,2043,190.0,0.0,2.9665267
mr-teh-tarik-cartel-singapore,5.0,419,232.0,625.0,4.970348
mr-teh-tarik-cartel-singapore,5.0,1316,232.0,106.0,4.9077954
dimbulah-singapore-9,4.0,1397,758.0,56.0,3.9435117
characters-cafe-singapore-2,4.0,2043,924.0,0.0,3.9258022
tarte-by-cheryl-koh-singapore,5.0,1051,246.0,5.0,4.8953834
chalk-farm-singapore-2,5.0,2479,360.0,7.0,4.8832746
bluemist-singapore,5.0,2043,476.0,0.0,4.845342
kagurazaka-saryo-singapore,4.0,241,725.0,101.0,3.923626
the-disgruntled-chef-singapore,4.0,757,111.0,451.0,3.9632692
the-disgruntled-chef-singapore,4.0,209,111.0,38.0,3.9420881
the-disgruntled-chef-singapore,4.0,2043,111.0,0.0,3.9257915
the-disgruntled-chef-singapore,4.0,2540,111.0,18.0,3.9193141
dimbulah-singapore-2,4.0,845,224.0,167.0,3.9300811
dimbulah-singapore-2,4.0,2043,224.0,0.0,3.9147375
one-man-coffee-singapore-2,4.0,2061,519.0,4.0,3.9182792
the-new-black-singapore-2,5.0,2237,654.0,8.0,4.90285
manicurious-singapore,5.0,139,47.0,272.0,4.907832
manicurious-singapore,5.0,2271,47.0,67.0,4.8797
manicurious-singapore,5.0,2043,47.0,0.0,4.859989
toast-box-singapore-63,4.0,2263,140.0,475.0,3.9056368
boufe-boutique-cafe-singapore,5.0,2494,177.0,112.0,4.8706574
black-barista-coffee-world-singapore,1.0,2043,827.0,0.0,0.020193372
old-hen-coffee-bar-singapore-2,4.0,2237,132.0,8.0,3.914847
sweetspot-singapore-2,5.0,1274,152.0,58.0,4.8976326
sweetspot-singapore-2,5.0,2043,152.0,0.0,4.882907
o-bean-organic-soya-store-singapore-3,4.0,198,665.0,9.0,3.9190593
tcc-singapore-2,4.0,337,185.0,119.0,3.9492557
tcc-singapore-2,4.0,2043,185.0,0.0,3.9451926
raffles-city-market-place-singapore,4.0,26,305.0,96.0,3.9484787
nespresso-boutique-singapore,5.0,394,353.0,238.0,4.886585
nespresso-boutique-singapore,5.0,980,353.0,288.0,4.8548865
guac-and-go-singapore,4.0,27,355.0,11.0,3.9345934
three-cups-coffee-co-singapore,3.0,1637,386.0,88.0,2.9646494
mufiz-cafe-singapore-2,4.0,2043,906.0,0.0,3.9590862
candour-coffee-singapore,5.0,2043,435.0,0.0,4.860002
nam-dae-mun-singapore,5.0,1404,473.0,226.0,4.9284744
balmoral-bakery-singapore,5.0,322,146.0,86.0,4.918293
balmoral-bakery-singapore,5.0,2043,146.0,0.0,4.8823614
art-palates-cafe-singapore,4.0,1897,512.0,215.0,3.9136486
art-palates-cafe-singapore,4.0,2043,512.0,0.0,3.912041
lau-pa-sat-singapore-2,4.0,2055,1.0,159.0,3.9526865
lau-pa-sat-singapore-2,4.0,16,1.0,225.0,3.9432843
lau-pa-sat-singapore-2,4.0,1199,1.0,441.0,3.9709074
lau-pa-sat-singapore-2,4.0,2294,1.0,706.0,3.9044006
lau-pa-sat-singapore-2,4.0,1386,1.0,427.0,3.9874165
lau-pa-sat-singapore-2,4.0,1419,1.0,143.0,3.9857814
lau-pa-sat-singapore-2,4.0,2493,1.0,21.0,3.9571278
lau-pa-sat-singapore-2,4.0,21,1.0,382.0,3.9459612
lau-pa-sat-singapore-2,4.0,711,1.0,832.0,3.9953291
café-mosaic-singapore,5.0,2371,206.0,209.0,4.8914285
café-mosaic-singapore,5.0,1051,206.0,5.0,4.8731804
wang-café-singapore-12,3.0,1190,896.0,317.0,2.9559703
creamier-singapore,5.0,376,52.0,31.0,4.90084
creamier-singapore,5.0,732,52.0,507.0,4.8635693
creamier-singapore,5.0,115,52.0,30.0,4.9024076
toast-box-singapore-24,4.0,1719,274.0,326.0,3.9089572
toast-box-singapore-24,4.0,2043,274.0,0.0,3.9319642
tea-tree-cafe-singapore,4.0,2043,631.0,0.0,3.888275
sun-ray-cafe-singapore,4.0,1989,182.0,35.0,3.9247794
crepe-signature-singapore,4.0,2043,689.0,0.0,3.9204817
tobys-estate-singapore,4.0,442,13.0,698.0,3.908246
tobys-estate-singapore,4.0,1404,13.0,226.0,3.9446666
tobys-estate-singapore,4.0,2157,13.0,828.0,3.912351
tobys-estate-singapore,4.0,2043,13.0,0.0,3.924168
the-reading-room-singapore,5.0,1412,218.0,22.0,4.863987
the-reading-room-singapore,5.0,2043,218.0,0.0,4.8638244
nom-singapore,4.0,1136,280.0,189.0,3.9379494
cottontail-creamery-singapore,5.0,1894,348.0,78.0,4.9124193
pies-and-coffee-singapore-3,4.0,115,440.0,30.0,3.9287262
pies-and-coffee-singapore-3,4.0,2043,440.0,0.0,3.9167233
marine-cove-singapore,4.0,2043,734.0,0.0,3.9271302
nylon-coffee-roasters-singapore,5.0,757,6.0,451.0,4.923512
nylon-coffee-roasters-singapore,5.0,1406,6.0,210.0,4.875628
nylon-coffee-roasters-singapore,5.0,399,6.0,157.0,4.863693
nylon-coffee-roasters-singapore,5.0,2350,6.0,15.0,4.8909326
nylon-coffee-roasters-singapore,5.0,2479,6.0,7.0,4.8884134
nylon-coffee-roasters-singapore,5.0,2396,6.0,228.0,4.823239
nylon-coffee-roasters-singapore,5.0,2043,6.0,0.0,4.876968
ya-kun-kaya-toast-singapore-9,5.0,1868,16.0,76.0,4.8678174
ya-kun-kaya-toast-singapore-9,5.0,17,16.0,236.0,4.866452
ya-kun-kaya-toast-singapore-9,5.0,2548,16.0,291.0,4.854552
ya-kun-kaya-toast-singapore-9,5.0,467,16.0,168.0,4.8463855
artisan-boulangerie-co-singapore,4.0,2026,86.0,653.0,3.8957083
artisan-boulangerie-co-singapore,4.0,2043,86.0,0.0,3.9153678
artisan-boulangerie-co-singapore-8,5.0,718,205.0,618.0,4.9176865
artisan-boulangerie-co-singapore-8,5.0,2043,205.0,0.0,4.878942
wild-honey-singapore-3,4.0,1272,3.0,137.0,3.957563
wild-honey-singapore-3,4.0,2187,3.0,440.0,3.9372737
wild-honey-singapore-3,4.0,794,3.0,37.0,3.9448836
wild-honey-singapore-3,4.0,209,3.0,38.0,3.9515507
wild-honey-singapore-3,4.0,845,3.0,167.0,3.950561
wild-honey-singapore-3,4.0,1880,3.0,75.0,3.9406621
wild-honey-singapore-3,4.0,1481,3.0,138.0,3.9523323
toast-box-singapore-53,4.0,374,142.0,323.0,3.9612577
craftsmen-specialty-coffee-singapore-3,4.0,2043,178.0,0.0,3.9227445
bobs-bar-singapore,5.0,2083,308.0,351.0,4.7886934
bobs-bar-singapore,5.0,1451,308.0,376.0,4.87968
bobs-bar-singapore,5.0,2043,308.0,0.0,4.9070597
a-gan-tea-singapore,4.0,1488,328.0,304.0,3.9195325
coastal-rhythm-cafe-and-bar-singapore,5.0,2043,867.0,0.0,-0.29275307
strangers-reunion-singapore,4.0,1845,20.0,596.0,3.9604726
strangers-reunion-singapore,4.0,2237,20.0,8.0,3.9229035
symmetry-singapore,4.0,1051,40.0,5.0,3.9172626
symmetry-singapore,4.0,1075,40.0,10.0,3.9395554
symmetry-singapore,4.0,1672,40.0,527.0,3.9020257
symmetry-singapore,4.0,41,40.0,790.0,3.8983076
symmetry-singapore,4.0,1416,40.0,170.0,3.9478722
symmetry-singapore,4.0,1452,40.0,110.0,3.9272525
symmetry-singapore,4.0,2043,40.0,0.0,3.922104
the-coffee-bean-and-tea-leaf-singapore-24,4.0,2371,164.0,209.0,3.9455276
the-dough-shoppe-singapore,4.0,1486,429.0,81.0,3.9496706
kim-kee-coffee-shop-tanjong-rhu-wanton-mee-singapore,4.0,2043,500.0,0.0,3.9213486
the-chocolate-bar-singapore-2,4.0,2043,283.0,0.0,3.939067
oberstrasse-singapore,5.0,1903,295.0,212.0,4.902035
kafe-utu-no-title,5.0,1967,340.0,171.0,4.9329076
icebox-cafe-singapore,4.0,2043,881.0,0.0,3.9179323
pantler-singapore,5.0,1372,94.0,232.0,4.9016714
pantler-singapore,5.0,1559,94.0,113.0,4.8954864
spinelli-coffee-company-singapore,4.0,2043,402.0,0.0,3.9294453
flor-patisserie-singapore,5.0,88,57.0,267.0,4.90617
flor-patisserie-singapore,5.0,1281,57.0,201.0,4.889054
flor-patisserie-singapore,5.0,2043,57.0,0.0,4.8789997
santap-singapore,4.0,2043,920.0,0.0,3.9351041
gelato-cottage-singapore,4.0,1861,647.0,70.0,3.930183
creamery-boutique-singapore,5.0,1475,292.0,20.0,4.9002757
creamery-boutique-singapore,5.0,23,292.0,17.0,4.8762026
wang-cafe-singapore-14,4.0,1420,919.0,134.0,3.9322953
privé-singapore-7,4.0,2043,944.0,0.0,3.905988
freshly-baked-by-le-bijoux-singapore,5.0,809,120.0,44.0,4.8952146
freshly-baked-by-le-bijoux-singapore,5.0,724,120.0,111.0,4.884188
freshly-baked-by-le-bijoux-singapore,5.0,1331,120.0,652.0,4.852416
toast-box-singapore-11,3.0,2043,559.0,0.0,3.006033
verdure-cafe-singapore,4.0,2043,646.0,0.0,3.9351041
dc-comics-super-heroes-cafe-singapore,3.0,391,96.0,692.0,3.0642517
dc-comics-super-heroes-cafe-singapore,3.0,414,96.0,594.0,3.0642517
dc-comics-super-heroes-cafe-singapore,3.0,91,96.0,2.0,3.0057378
oh-deli-singapore,5.0,553,235.0,161.0,4.8736954
ya-kun-kaya-toast-singapore-37,5.0,2043,545.0,0.0,4.862423
café-kapok-singapore,4.0,2043,846.0,0.0,0.31408185
coftea-marine-parade-market-and-food-centre-singapore,5.0,2043,871.0,0.0,4.891126
blocs-singapore,5.0,2043,452.0,0.0,-0.19441229
mr-bean-singapore-3,4.0,2043,732.0,0.0,3.9144268
mellower-coffee-singapore-3,5.0,321,840.0,345.0,4.9015174
carpenter-and-cook-singapore,4.0,1475,48.0,20.0,3.9438763
carpenter-and-cook-singapore,4.0,1274,48.0,58.0,3.9383757
carpenter-and-cook-singapore,4.0,1452,48.0,110.0,3.9316742
carpenter-and-cook-singapore,4.0,1190,48.0,317.0,3.9453917
cozy-corner-coffee-singapore,4.0,1486,266.0,81.0,3.991146
cozy-corner-coffee-singapore,4.0,57,266.0,39.0,3.994178
coffee-smith-singapore,4.0,2479,507.0,7.0,3.9321487
coffee-smith-singapore,4.0,2043,507.0,0.0,3.922959
crystal-jade-my-breads-singapore-2,5.0,2043,544.0,0.0,4.891844
crystal-jade-my-breads-singapore-2,5.0,685,544.0,745.0,4.951516
dunkin-donuts-singapore,3.0,2043,650.0,0.0,2.935829
clinton-street-baking-company-and-restaurant-singapore,5.0,778,5.0,322.0,4.8753123
clinton-street-baking-company-and-restaurant-singapore,5.0,285,5.0,642.0,4.8974166
clinton-street-baking-company-and-restaurant-singapore,5.0,50,5.0,223.0,4.8708014
clinton-street-baking-company-and-restaurant-singapore,5.0,726,5.0,207.0,4.8697867
clinton-street-baking-company-and-restaurant-singapore,5.0,2474,5.0,107.0,4.9080563
clinton-street-baking-company-and-restaurant-singapore,5.0,1497,5.0,231.0,4.7982783
clinton-street-baking-company-and-restaurant-singapore,5.0,230,5.0,693.0,4.92479
clinton-street-baking-company-and-restaurant-singapore,5.0,1970,5.0,68.0,4.8879085
clinton-street-baking-company-and-restaurant-singapore,5.0,91,5.0,2.0,4.8497825
le-cafe-confectionery-and-pastry-singapore,5.0,328,163.0,48.0,4.905459
le-cafe-confectionery-and-pastry-singapore,5.0,2377,163.0,109.0,4.899983
project-açai-singapore,5.0,75,191.0,12.0,4.8982544
stray-by-fatcat-singapore,4.0,675,268.0,6.0,3.9343052
stray-by-fatcat-singapore,4.0,2043,268.0,0.0,3.9284158
mother-dough-singapore,4.0,1019,279.0,751.0,3.9764268
cedele-singapore-55,4.0,2043,709.0,0.0,3.9351041
oriole-coffee-bar-singapore-2,4.0,164,19.0,47.0,3.9317667
oriole-coffee-bar-singapore-2,4.0,186,19.0,3.0,3.9372814
oriole-coffee-bar-singapore-2,4.0,803,19.0,130.0,3.947
oriole-coffee-bar-singapore-2,4.0,209,19.0,38.0,3.9451551
oriole-coffee-bar-singapore-2,4.0,869,19.0,181.0,3.9268806
oriole-coffee-bar-singapore-2,4.0,220,19.0,105.0,3.9469075
oriole-coffee-bar-singapore-2,4.0,1452,19.0,110.0,3.9340067
nanyang-old-coffee-singapore-6,5.0,2043,397.0,0.0,4.8892612
toast-singapore,4.0,1989,430.0,35.0,3.9270468
habitat-coffee-singapore,3.0,284,92.0,182.0,2.9529872
habitat-coffee-singapore,3.0,789,92.0,16.0,2.9489365
fuel-plus-singapore,4.0,566,419.0,152.0,3.8869205
awesome-coffee-singapore,4.0,843,542.0,363.0,3.9490075
lavender-food-hub-singapore,5.0,789,560.0,16.0,4.872978
fine-cuts-singapore,4.0,556,836.0,220.0,3.9268467
joe-and-the-juice-singapore,4.0,2043,415.0,0.0,3.927065
kotobuki-coffee-singapore-2,4.0,1075,780.0,10.0,3.9398859
starbucks-singapore-66,4.0,2371,257.0,209.0,3.9501235
starbucks-singapore-66,4.0,2043,257.0,0.0,3.9405234
henri-charpentier-singapore-3,5.0,596,299.0,395.0,4.9244223
two-blur-guys-singapore,4.0,1779,64.0,52.0,3.930069
two-blur-guys-singapore,4.0,1150,64.0,279.0,3.905131
two-blur-guys-singapore,4.0,2473,64.0,51.0,3.9357061
two-blur-guys-singapore,4.0,1970,64.0,68.0,3.9431045
platform-1094-singapore,5.0,852,117.0,452.0,4.9240594
bees-knees-singapore,4.0,306,227.0,1.0,3.934341
bees-knees-singapore,4.0,1404,227.0,226.0,3.9458117
asanoya-boulangerie-singapore,4.0,2043,504.0,0.0,3.9160504
jewel-coffee-at-great-world-city-singapore,4.0,2043,598.0,0.0,3.9285545
muzium-cafe-singapore,5.0,2043,764.0,0.0,0.24180262
bratwurst-shop-ps-singapore,4.0,2043,886.0,0.0,-0.34616563
starbucks-singapore-177,4.0,1222,936.0,69.0,3.9401693
kith-cafe-singapore,4.0,445,41.0,300.0,3.9422085
kith-cafe-singapore,4.0,2237,41.0,8.0,3.917568
kith-cafe-singapore,4.0,912,41.0,678.0,3.9231718
kith-cafe-singapore,4.0,1880,41.0,75.0,3.9230852
kith-cafe-singapore,4.0,2271,41.0,67.0,3.933301
nam-nam-noodle-bar-downtown-core,3.0,1412,154.0,22.0,2.9585981
nam-nam-noodle-bar-downtown-core,3.0,1991,154.0,273.0,2.958621
nam-nam-noodle-bar-downtown-core,3.0,1293,154.0,63.0,2.9716063
coffee-and-toast-singapore,4.0,2043,309.0,0.0,3.9194243
starbucks-singapore-26,4.0,2043,904.0,0.0,3.9458847
grapevine-cafe-bar-and-restaurant-singapore,5.0,2171,607.0,374.0,4.9259806
group-therapy-coffee-singapore,4.0,500,15.0,375.0,3.911226
group-therapy-coffee-singapore,4.0,2283,15.0,389.0,3.9413288
group-therapy-coffee-singapore,4.0,209,15.0,38.0,3.9434543
group-therapy-coffee-singapore,4.0,1113,15.0,341.0,3.906835
group-therapy-coffee-singapore,4.0,2271,15.0,67.0,3.9427857
group-therapy-coffee-singapore,4.0,970,15.0,74.0,3.92661
group-therapy-coffee-singapore,4.0,1074,15.0,617.0,3.8946676
brawn-and-brains-coffee-singapore,5.0,789,43.0,16.0,4.8757725
brawn-and-brains-coffee-singapore,5.0,57,43.0,39.0,4.898701
afterwit-singapore-2,4.0,487,262.0,633.0,3.9300497
afterwit-singapore-2,4.0,1194,262.0,72.0,3.9607434
afterwit-singapore-2,4.0,27,262.0,11.0,3.9587092
3838-eating-place-singapore,5.0,903,929.0,115.0,4.9408264
the-hangar-singapore,4.0,2445,112.0,64.0,3.9375954
the-hangar-singapore,4.0,869,112.0,181.0,3.9257412
the-hangar-singapore,4.0,1783,112.0,289.0,3.9710133
toast-box-singapore-51,4.0,2043,849.0,0.0,-0.8895503
mellower-coffee-singapore-188967,5.0,287,165.0,354.0,4.928093
mellower-coffee-singapore-188967,5.0,337,165.0,119.0,4.8764777
mellower-coffee-singapore-188967,5.0,2043,165.0,0.0,4.8713636
tiong-bahru-bakery-singapore-5,5.0,75,358.0,12.0,4.891592
little-farms-singapore,5.0,446,366.0,324.0,4.8817034
cedele-singapore-9,3.0,2043,189.0,0.0,2.9776032
tuk-tuk-cha-singapore-2,4.0,91,207.0,2.0,3.9130075
dimbulah-singapore-3,4.0,2043,489.0,0.0,3.9212165
grandmas-singapore-3,4.0,2248,590.0,439.0,3.9228415
penny-university-singapore,4.0,789,37.0,16.0,3.926705
penny-university-singapore,4.0,1052,37.0,292.0,3.967443
penny-university-singapore,4.0,2350,37.0,15.0,3.9379876
penny-university-singapore,4.0,1637,37.0,88.0,3.9516509
penny-university-singapore,4.0,198,37.0,9.0,3.9233754
penny-university-singapore,4.0,1989,37.0,35.0,3.9255624
penny-university-singapore,4.0,2479,37.0,7.0,3.9359748
penny-university-singapore,4.0,1952,37.0,741.0,3.8560221
huggs-coffee-singapore-2,4.0,2043,659.0,0.0,3.9268
drury-lane-singapore,4.0,2167,61.0,285.0,3.956182
drury-lane-singapore,4.0,152,61.0,49.0,3.9188454
drury-lane-singapore,4.0,1628,61.0,499.0,3.8906033
drury-lane-singapore,4.0,2540,61.0,18.0,3.9145403
hood-bar-and-cafe-singapore,4.0,861,127.0,62.0,3.9760208
backstage-cafe-singapore,3.0,598,316.0,513.0,2.9538352
nanyang-old-coffee-singapore-3,3.0,1908,461.0,237.0,0.10330528
nanyang-old-coffee-singapore-3,3.0,2043,461.0,0.0,0.103438266
fine-palate-cafe-singapore,5.0,394,523.0,238.0,4.898796
stamping-ground-singapore,4.0,2043,819.0,0.0,3.92196
sin-hoi-sai-eating-house-singapore,4.0,198,88.0,9.0,3.9503455
sin-hoi-sai-eating-house-singapore,4.0,431,88.0,664.0,3.9859045
pasarbella-singapore-2,4.0,433,197.0,93.0,3.9257658
pasarbella-singapore-2,4.0,2146,197.0,334.0,3.9178064
yogart-singapore,4.0,2043,979.0,0.0,-0.75453645
patissez-singapore-2,4.0,1022,462.0,66.0,3.948225
breko-cafe-singapore,4.0,1568,107.0,433.0,3.9242814
the-coffee-bean-and-tea-leaf-beanstro-marina,3.0,220,202.0,105.0,2.9675205
beanstro-singapore,3.0,1585,263.0,13.0,2.9947557
tolidos-espresso-nook-singapore-3,5.0,2364,9.0,607.0,4.927015
tolidos-espresso-nook-singapore-3,5.0,669,9.0,819.0,4.829008
tolidos-espresso-nook-singapore-3,5.0,2044,9.0,25.0,4.8758817
tolidos-espresso-nook-singapore-3,5.0,1420,9.0,134.0,4.878614
spize-singapore-2,5.0,23,17.0,17.0,4.8730536
spize-singapore-2,5.0,1898,17.0,151.0,4.9078197
spize-singapore-2,5.0,1542,17.0,79.0,4.8839707
spize-singapore-2,5.0,2497,17.0,605.0,4.9278727
new-station-snack-bar-singapore,5.0,2043,324.0,0.0,4.892746
starbucks-singapore-173,4.0,1881,586.0,766.0,3.9676397
pacamara-boutique-coffee-roasters-singapore,4.0,752,72.0,132.0,3.9313865
pacamara-boutique-coffee-roasters-singapore,4.0,1757,72.0,694.0,3.8908458
pacamara-boutique-coffee-roasters-singapore,4.0,1585,72.0,13.0,3.9256449
pacamara-boutique-coffee-roasters-singapore,4.0,23,72.0,17.0,3.9175706
pacamara-boutique-coffee-roasters-singapore,4.0,2068,72.0,45.0,3.9222438
pacamara-boutique-coffee-roasters-singapore,4.0,27,72.0,11.0,3.933591
pacamara-boutique-coffee-roasters-singapore,4.0,1459,72.0,682.0,3.9036908
kith-cafe-singapore-6,5.0,1359,286.0,32.0,4.900736
hanis-singapore,4.0,1634,175.0,235.0,3.86273
lynns-cakes-and-coffee-singapore,4.0,2043,387.0,0.0,3.9319365
cocoa-colony-singapore,5.0,96,423.0,310.0,4.900671
flock-café-singapore,5.0,500,35.0,375.0,4.8583
flock-café-singapore,5.0,626,35.0,332.0,4.9026556
flock-café-singapore,5.0,2055,35.0,159.0,4.901949
flock-café-singapore,5.0,164,35.0,47.0,4.8817077
flock-café-singapore,5.0,2061,35.0,4.0,4.882969
flock-café-singapore,5.0,2068,35.0,45.0,4.881407
flock-café-singapore,5.0,829,35.0,214.0,4.880028
flock-café-singapore,5.0,2229,35.0,149.0,4.8924346
toast-box-singapore-49,4.0,2043,614.0,0.0,3.9258022
the-coffee-bean-and-tea-leaf-singapore-29,2.0,2043,739.0,0.0,2.0062652
eat-play-love-singapore-2,3.0,2044,310.0,25.0,2.976259
ollella-singapore-2,4.0,2043,485.0,0.0,3.9222038
suzette-singapore,4.0,2043,742.0,0.0,3.9351041
two-bakers-cafe-singapore,5.0,1570,196.0,196.0,4.8771567
two-bakers-cafe-singapore,5.0,957,196.0,396.0,4.891139
old-tea-hut-singapore-2,4.0,746,456.0,352.0,3.9157786
knots-cafe-and-living-singapore,5.0,1126,217.0,155.0,4.8598742
mix-box-cafe-singapore,5.0,899,800.0,160.0,4.9359593
dr-cafe-coffee-singapore-5,4.0,2043,884.0,0.0,3.9061086
the-coffee-nations-singapore,3.0,209,948.0,38.0,2.9540198
the-marmalade-pantry-singapore-4,4.0,91,229.0,2.0,3.909893
the-marmalade-pantry-singapore-4,4.0,2043,229.0,0.0,3.9234502
le-kue-singapore,5.0,1924,307.0,276.0,4.863907
oromo-coffee-singapore,5.0,2472,326.0,608.0,4.9294605
tcc-the-connoisseur-concerto-singapore-9,4.0,2043,537.0,0.0,3.9162672
ya-kun-kaya-toast-singapore-22,4.0,139,114.0,272.0,4.0133505
ya-kun-kaya-toast-singapore-22,4.0,502,114.0,172.0,3.9778788
ps-cafe-singapore-11,3.0,2043,278.0,0.0,2.9579644
chopsuey-cafe-singapore-2,4.0,322,301.0,86.0,3.9531407
chopsuey-cafe-singapore-2,4.0,2540,301.0,18.0,3.917751
tuckshop-singapore,4.0,566,713.0,152.0,3.8879712
two-men-bagel-house-singapore,5.0,178,4.0,243.0,4.8685584
two-men-bagel-house-singapore,5.0,128,4.0,34.0,4.872115
two-men-bagel-house-singapore,5.0,697,4.0,211.0,4.9230604
two-men-bagel-house-singapore,5.0,568,4.0,665.0,4.8450537
two-men-bagel-house-singapore,5.0,1052,4.0,292.0,4.9211545
two-men-bagel-house-singapore,5.0,1877,4.0,61.0,4.8949065
two-men-bagel-house-singapore,5.0,446,4.0,324.0,4.849517
two-men-bagel-house-singapore,5.0,2061,4.0,4.0,4.875606
two-men-bagel-house-singapore,5.0,1967,4.0,171.0,4.919132
two-men-bagel-house-singapore,5.0,1985,4.0,121.0,4.8777766
two-men-bagel-house-singapore,5.0,755,4.0,798.0,4.8345237
two-men-bagel-house-singapore,5.0,1507,4.0,487.0,4.909915
two-men-bagel-house-singapore,5.0,27,4.0,11.0,4.88816
two-men-bagel-house-singapore,5.0,2218,4.0,71.0,4.883971
two-men-bagel-house-singapore,5.0,2043,4.0,0.0,4.870722
the-coconut-club-singapore,5.0,1051,55.0,5.0,4.865047
the-coconut-club-singapore,5.0,1559,55.0,113.0,4.8841996
the-coconut-club-singapore,5.0,309,55.0,199.0,4.8659234
the-coconut-club-singapore,5.0,1756,55.0,765.0,4.832808
crossroads-café-singapore-2,4.0,445,59.0,300.0,3.9690182
crossroads-café-singapore-2,4.0,829,59.0,214.0,3.9458396
tiong-bahru-bakery-singapore-4,5.0,1445,8.0,336.0,4.8496804
tiong-bahru-bakery-singapore-4,5.0,1431,8.0,523.0,4.739666
tiong-bahru-bakery-singapore-4,5.0,1989,8.0,35.0,4.877699
tiong-bahru-bakery-singapore-4,5.0,1902,8.0,55.0,4.8658705
tiong-bahru-bakery-singapore-4,5.0,845,8.0,167.0,4.898264
tiong-bahru-bakery-singapore-4,5.0,1861,8.0,70.0,4.8888593
tiong-bahru-bakery-singapore-4,5.0,1880,8.0,75.0,4.885954
tiong-bahru-bakery-singapore-4,5.0,185,8.0,145.0,4.8829484
tiong-bahru-bakery-singapore-4,5.0,1602,8.0,14.0,4.886704
tiong-bahru-bakery-singapore-4,5.0,261,8.0,123.0,4.869459
tiong-bahru-bakery-singapore-4,5.0,103,8.0,373.0,4.8559084
tiong-bahru-bakery-singapore-4,5.0,973,8.0,284.0,4.8941894
tiong-bahru-bakery-singapore-4,5.0,939,8.0,282.0,4.879688
jewel-coffee-singapore-8,5.0,2237,100.0,8.0,4.875457
l-atelier-tiramisu-singapore,5.0,908,241.0,542.0,4.818785
l-atelier-tiramisu-singapore,5.0,2043,241.0,0.0,4.8974752
regroup-singapore,4.0,306,449.0,1.0,3.9304423
asian-market-cafe-singapore,5.0,306,450.0,1.0,4.898048
jewel-coffee-singapore-3,5.0,2415,161.0,359.0,4.859329
jewel-coffee-singapore-3,5.0,2466,161.0,117.0,4.895393
moca-cafe-singapore-2,4.0,2043,687.0,0.0,-0.558709
toms-palette-singapore,5.0,1396,23.0,133.0,4.898108
toms-palette-singapore,5.0,461,23.0,503.0,4.940006
toms-palette-singapore,5.0,57,23.0,39.0,4.9138536
toms-palette-singapore,5.0,1266,23.0,203.0,4.8794746
toms-palette-singapore,5.0,27,23.0,11.0,4.9083815
toms-palette-singapore,5.0,1882,23.0,46.0,4.890712
ps-cafe-singapore-7,5.0,1486,39.0,81.0,4.904175
ps-cafe-singapore-7,5.0,1527,39.0,271.0,4.9168854
ps-cafe-singapore-7,5.0,1926,39.0,147.0,4.9145675
patisserie-g-singapore,4.0,18,49.0,23.0,3.9177623
patisserie-g-singapore,4.0,57,49.0,39.0,3.9403183
patisserie-g-singapore,4.0,2159,49.0,591.0,3.9463046
patisserie-g-singapore,4.0,880,49.0,200.0,3.9276302
jewel-coffee-singapore-13,5.0,2043,629.0,0.0,4.88985
the-affogato-lounge-singapore,4.0,2479,736.0,7.0,3.9316509
wild-honey-singapore,4.0,1123,7.0,19.0,3.9457674
wild-honey-singapore,4.0,2064,7.0,462.0,3.9078264
wild-honey-singapore,4.0,1244,7.0,713.0,3.9091074
wild-honey-singapore,4.0,2237,7.0,8.0,3.9302666
wild-honey-singapore,4.0,2493,7.0,21.0,3.9537525
wild-honey-singapore,4.0,482,7.0,749.0,3.9599447
vanilla-bar-and-café-singapore-2,4.0,581,162.0,53.0,3.9202976
vanilla-bar-and-café-singapore-2,4.0,1839,162.0,169.0,3.9433622
mellower-coffee-singapore,5.0,2466,514.0,117.0,-0.85656184
mellower-coffee-singapore,5.0,2043,514.0,0.0,-0.8556252
o-coffee-club-singapore-10,3.0,2043,549.0,0.0,3.0016153
bar-bar-black-sheep-no-title,5.0,898,130.0,41.0,4.835478
bar-bar-black-sheep-no-title,5.0,1777,130.0,36.0,4.862984
baristart-coffee-singapore-no-title-3,5.0,1668,238.0,720.0,4.9160647
ke-kou-duck-singapore,4.0,2262,958.0,40.0,3.926909
asanoya-singapore,4.0,2205,136.0,578.0,3.9639897
asanoya-singapore,4.0,306,136.0,1.0,3.9370537
krispy-kreme-singapore-2,3.0,2043,856.0,0.0,2.9339101
the-tiny-roaster-120106,5.0,843,247.0,363.0,4.935521
the-tiny-roaster-120106,5.0,614,247.0,173.0,4.940896
the-tiny-roaster-120106,5.0,2237,247.0,8.0,4.8927794
jewel-coffee-singapore-7,4.0,225,691.0,43.0,3.9279768
tiong-bahru-bakery-singapore-3,4.0,832,87.0,603.0,3.889146
tiong-bahru-bakery-singapore-3,4.0,2141,87.0,92.0,3.9439647
tiong-bahru-bakery-singapore-3,4.0,18,87.0,23.0,3.9221864
tiong-bahru-bakery-singapore-3,4.0,1833,87.0,312.0,3.9379816
tiong-bahru-bakery-singapore-3,4.0,1421,87.0,141.0,3.929807
cocoa-colony-singapore-3,3.0,1343,565.0,118.0,2.9626114
patties-and-wiches-singapore,1.0,2479,649.0,7.0,0.9829127
revelry-singapore,5.0,1110,171.0,638.0,4.8453074
escape-restaurant-and-lounge-singapore,4.0,1422,434.0,654.0,3.9062726
escape-restaurant-and-lounge-singapore,4.0,2043,434.0,0.0,3.9351041
hoshino-coffee-singapore,4.0,675,51.0,6.0,3.934873
hoshino-coffee-singapore,4.0,1602,51.0,14.0,3.935038
rise-and-grind-coffee-co-bukit-timah,4.0,1639,194.0,221.0,3.9500477
toast-box-singapore-18,5.0,1868,277.0,76.0,4.8987255
butter-studio-singapore-2,4.0,2043,331.0,0.0,3.9138784
momo-cafe-singapore,5.0,2043,465.0,0.0,4.884052
toast-box-singapore-23,4.0,2043,957.0,0.0,0.15780406
okada-coffee-singapore,5.0,152,391.0,49.0,4.895925
mr-malabar-cafe-singapore,5.0,2043,706.0,0.0,4.8269
o-parl-cafe-singapore,2.0,2043,821.0,0.0,2.018467
grain-traders-singapore,5.0,284,129.0,182.0,4.880223
grain-traders-singapore,5.0,225,129.0,43.0,4.880467
grain-traders-singapore,5.0,2137,129.0,502.0,4.854729
smor-singapore,5.0,1028,166.0,283.0,4.899055
smor-singapore,5.0,1359,166.0,32.0,4.8740687
smor-singapore,5.0,2043,166.0,0.0,4.8639507
coffee-bandits-singapore,4.0,665,448.0,28.0,3.9350123
spinelli-coffee-company-singapore-3,3.0,2043,467.0,0.0,2.9377363
baker-and-cook-singapore,5.0,2387,97.0,251.0,4.858117
baker-and-cook-singapore,5.0,671,97.0,80.0,4.8885326
baker-and-cook-singapore,5.0,1602,97.0,14.0,4.8886156
baker-and-cook-singapore,5.0,1022,97.0,66.0,4.907495
baker-and-cook-singapore,5.0,2043,97.0,0.0,4.881101
the-daily-cut-singapore-3,5.0,225,524.0,43.0,4.8707724
the-daily-cut-singapore-3,5.0,2043,524.0,0.0,4.8636413
dal-komm-coffee-singapore,4.0,91,234.0,2.0,3.9096398
dal-komm-coffee-singapore,4.0,2043,234.0,0.0,3.9231946
fun-toast-singapore,5.0,1868,239.0,76.0,4.893515
fun-toast-singapore,5.0,2292,239.0,127.0,4.848278
killiney-kopitiam-singapore-11,5.0,1214,264.0,803.0,4.8493323
caffe-vergnano-1882-singapore-3,3.0,700,312.0,128.0,2.9565701
caffe-vergnano-1882-singapore-3,3.0,1585,312.0,13.0,2.969811
jonkers-nyonya-deli-singapore,4.0,1051,869.0,5.0,3.9175704
wimbly-lu-chocolate-cafe-company-singapore,4.0,440,63.0,455.0,3.8616903
wimbly-lu-chocolate-cafe-company-singapore,4.0,1781,63.0,506.0,3.9018006
wimbly-lu-chocolate-cafe-company-singapore,4.0,2540,63.0,18.0,3.9116685
strangers-at-work-singapore,5.0,2043,395.0,0.0,4.88311
kopi-roti-nasi-lemak-house-singapore,3.0,2043,779.0,0.0,2.957935
forty-hands-east-coast-singapore,5.0,2043,459.0,0.0,4.8789535
ps-cafe-singapore-8,4.0,728,10.0,224.0,3.9289484
ps-cafe-singapore-8,4.0,132,10.0,185.0,3.938716
ps-cafe-singapore-8,4.0,1530,10.0,627.0,3.9103377
ps-cafe-singapore-8,4.0,1625,10.0,532.0,3.912534
ps-cafe-singapore-8,4.0,2268,10.0,394.0,3.9412682
ps-cafe-singapore-8,4.0,488,10.0,24.0,3.9420953
ps-cafe-singapore-8,4.0,1351,10.0,492.0,3.907956
ps-cafe-singapore-8,4.0,820,10.0,195.0,3.9662554
ps-cafe-singapore-8,4.0,1130,10.0,807.0,3.9044785
plain-vanilla-bakery-singapore-2,5.0,2237,77.0,8.0,4.8797817
plain-vanilla-bakery-singapore-2,5.0,1546,77.0,438.0,4.9256215
plain-vanilla-bakery-singapore-2,5.0,1113,77.0,341.0,4.854629
plain-vanilla-bakery-singapore-2,5.0,1416,77.0,170.0,4.912008
plain-vanilla-bakery-singapore-2,5.0,904,77.0,541.0,4.924744
gudetama-cafe-singapore,5.0,1601,102.0,757.0,4.938929
gudetama-cafe-singapore,5.0,2043,102.0,0.0,4.8907633
rive-gauche-patisserie-singapore,4.0,770,848.0,216.0,3.8462415
tiong-bahru-bakery-singapore,4.0,1126,50.0,155.0,3.9071364
tiong-bahru-bakery-singapore,4.0,1903,50.0,212.0,3.9607353
tiong-bahru-bakery-singapore,4.0,328,50.0,48.0,3.9487329
tiong-bahru-bakery-singapore,4.0,1136,50.0,189.0,3.9404464
tiong-bahru-bakery-singapore,4.0,2248,50.0,439.0,3.9195318
katong-yong-tau-foo-singapore,4.0,2043,518.0,0.0,3.9318
o-coffee-club-singapore-8,4.0,2043,771.0,0.0,3.9439156
privé-clarke-quay-singapore,5.0,1553,267.0,327.0,4.8791356
shrove-tuesday-singapore,4.0,2043,293.0,0.0,3.9282653
killiney-kopitiam-newton-singapore,4.0,2043,404.0,0.0,3.963513
flagwhite-singapore,4.0,863,527.0,325.0,3.9316154
the-lokal-singapore,5.0,1894,45.0,78.0,4.901983
the-lokal-singapore,5.0,1639,45.0,221.0,4.90741
the-lokal-singapore,5.0,91,45.0,2.0,4.8631296
the-lokal-singapore,5.0,2058,45.0,144.0,4.8865523
starbucks-coffee-singapore-13,3.0,1567,569.0,416.0,2.9546144
yogiyo-korean-chicken-singapore,4.0,2043,769.0,0.0,3.9019072
starbucks-singapore-118,4.0,566,759.0,152.0,3.8879712
sg-rainbow-cafe-singapore,3.0,2262,952.0,40.0,2.9451816
d-good-cafe-singapore,4.0,665,38.0,28.0,3.953325
d-good-cafe-singapore,4.0,1458,38.0,587.0,3.9121659
d-good-cafe-singapore,4.0,1412,38.0,22.0,3.9361427
d-good-cafe-singapore,4.0,186,38.0,3.0,3.9445355
d-good-cafe-singapore,4.0,869,38.0,181.0,3.9341304
d-good-cafe-singapore,4.0,2097,38.0,33.0,3.9393408
d-good-cafe-singapore,4.0,1555,38.0,158.0,3.928949
ellenborough-market-café-singapore,4.0,1419,261.0,143.0,3.9816027
cafe-salivation-singapore,5.0,1796,418.0,501.0,4.9630327
cafe-salivation-singapore,5.0,2002,418.0,270.0,4.796705
pasarbella-singapore,4.0,1991,82.0,273.0,3.9311464
pasarbella-singapore,4.0,515,82.0,260.0,3.943063
pasarbella-singapore,4.0,1786,82.0,135.0,3.965259
coffee-hut-singapore,4.0,241,249.0,101.0,3.9317558
the-coffee-academics-singapore-3,4.0,2492,167.0,690.0,3.9809186
joe-and-dough-singapore-6,4.0,2061,288.0,4.0,3.9203663
joe-and-dough-singapore-6,4.0,91,288.0,2.0,3.902902
duke-bakery-singapore,4.0,820,394.0,195.0,3.9582407
duke-bakery-singapore,4.0,1343,394.0,118.0,3.9318616
duke-bakery-singapore,4.0,115,394.0,30.0,3.9344692
round-8-singapore,4.0,1316,576.0,106.0,3.9265192
round-8-singapore,4.0,2043,576.0,0.0,3.91679
the-bravery-cafe-singapore,5.0,1412,80.0,22.0,4.8780704
the-bravery-cafe-singapore,5.0,1637,80.0,88.0,4.9089317
kitchen-by-food-rebel-singapore,4.0,1293,289.0,63.0,3.9442575
starbucks-singapore-63,4.0,2043,889.0,0.0,3.9260747
jimmy-monkey-cafe-and-bar-singapore,4.0,128,25.0,34.0,3.9238672
jimmy-monkey-cafe-and-bar-singapore,4.0,1555,25.0,158.0,3.9155986
da-paolo-gastronomia-bukit-timah-bukit-timah,4.0,241,73.0,101.0,3.93162
da-paolo-gastronomia-bukit-timah-bukit-timah,4.0,976,73.0,320.0,3.7211742
long-black-cafe-singapore,4.0,675,245.0,6.0,3.92998
professor-brawn-cafe-singapore,4.0,2061,427.0,4.0,3.92097
professor-brawn-cafe-singapore,4.0,2097,427.0,33.0,3.9202647
volks-cafe-singapore,4.0,2043,763.0,0.0,3.9529443
starbucks-singapore-100,4.0,1276,113.0,27.0,3.917168
starbucks-singapore-100,4.0,1634,113.0,235.0,3.862964
starbucks-singapore-100,4.0,1100,113.0,104.0,3.9436781
starbucks-singapore-100,4.0,1777,113.0,36.0,3.9322174
collective-brewers-singapore,5.0,700,237.0,128.0,4.8821297
collective-brewers-singapore,5.0,2237,237.0,8.0,4.8961005
crossings-cafe-singapore,5.0,467,160.0,168.0,4.8886766
crossings-cafe-singapore,5.0,27,160.0,11.0,4.905014
laurent-bernard-chocolatier-singapore,5.0,256,70.0,619.0,4.869221
laurent-bernard-chocolatier-singapore,5.0,281,70.0,381.0,4.846842
laurent-bernard-chocolatier-singapore,5.0,401,70.0,256.0,4.9370584
laurent-bernard-chocolatier-singapore,5.0,1421,70.0,141.0,4.8885503
frankies-peanut-pancake-singapore,5.0,2043,921.0,0.0,4.903843
twg-tea-singapore-3,5.0,312,62.0,838.0,4.857303
twg-tea-singapore-3,5.0,612,62.0,194.0,4.895649
twg-tea-singapore-3,5.0,1926,62.0,147.0,4.9163632
twg-tea-singapore-3,5.0,2043,62.0,0.0,4.886779
twg-tea-singapore-3,5.0,5,62.0,187.0,4.9133434
maison-kayser-singapore,5.0,724,121.0,111.0,4.886932
maison-kayser-singapore,5.0,970,121.0,74.0,4.8900437
meomi-cat-cafe-singapore,5.0,917,125.0,593.0,4.9303436
mob-cafe-singapore,5.0,1807,396.0,306.0,4.8329396
avenue-cafe-singapore,3.0,1397,351.0,56.0,2.9583352
avenue-cafe-singapore,3.0,9,351.0,184.0,2.9388838
joe-and-dough-singapore-4,4.0,903,143.0,115.0,3.9641626
kith-cafe-singapore-4,4.0,614,219.0,173.0,4.013483
kith-cafe-singapore-4,4.0,1222,219.0,69.0,3.9923387
kith-cafe-singapore-4,4.0,2043,219.0,0.0,3.974632
bread-and-hearth-singapore,5.0,2043,95.0,0.0,4.8664827
tian-fu-tea-room-singapore,4.0,186,411.0,3.0,3.9349837
the-cup-rice-and-noodle-singapore,5.0,976,477.0,320.0,4.64434
the-cup-rice-and-noodle-singapore,5.0,2043,477.0,0.0,4.905237
laaf-singapore,5.0,2043,740.0,0.0,-0.7649635
the-populus-coffee-and-food-co-singapore,5.0,1818,29.0,330.0,4.9247656
the-populus-coffee-and-food-co-singapore,5.0,1788,29.0,177.0,4.911653
the-populus-coffee-and-food-co-singapore,5.0,186,29.0,3.0,4.885979
courtyard-cafe-and-lounge-singapore,3.0,91,789.0,2.0,2.9316926
183-rojak-singapore,4.0,367,464.0,164.0,3.9134018
183-rojak-singapore,4.0,2043,464.0,0.0,3.9144268
sheng-chen-fried-kway-teow-singapore,5.0,2043,526.0,0.0,4.903239
white-rose-cafe-singapore,4.0,702,528.0,346.0,3.9474301
open-farm-community-singapore,5.0,728,21.0,224.0,4.8812814
open-farm-community-singapore,5.0,964,21.0,131.0,4.8604693
joe-and-dough-singapore-5,4.0,1593,550.0,265.0,3.9431422
jewel-coffee-singapore-6,5.0,75,335.0,12.0,4.8973866
jewel-coffee-singapore-6,5.0,2043,335.0,0.0,4.8824615
the-tastemaker-store-singapore,3.0,1051,338.0,5.0,2.9537098
1983-a-taste-of-nanyang-singapore-2,4.0,532,352.0,50.0,3.926955
brunetti-singapore,5.0,1406,98.0,210.0,4.886795
cedele-singapore-4,4.0,665,195.0,28.0,3.938374
cedele-singapore-4,4.0,713,195.0,26.0,3.9405556
cedele-singapore-4,4.0,886,195.0,249.0,3.9213912
cedele-singapore-4,4.0,488,195.0,24.0,3.9327087
chocolat-n-spice-singapore-2,4.0,604,256.0,218.0,3.9341567
dean-and-deluca-singapore-4,4.0,2043,287.0,0.0,3.9344826
the-royals-cafe-singapore,5.0,1637,345.0,88.0,4.9229813
the-royals-cafe-singapore,5.0,220,345.0,105.0,4.914539
the-royals-cafe-singapore,5.0,2043,345.0,0.0,4.892039
the-providore-singapore-3,4.0,2043,490.0,0.0,3.9251115
open-book-cafe-singapore,4.0,1100,595.0,104.0,3.9504206
the-food-barn-singapore,5.0,2043,767.0,0.0,4.9030185
the-coffee-bean-and-tea-leaf-singapore-64,4.0,2043,828.0,0.0,3.9225657
o-coffee-club-singapore-12,3.0,2043,863.0,0.0,3.0766993
jones-the-grocer-singapore-3,4.0,1577,32.0,385.0,3.938845
jones-the-grocer-singapore-3,4.0,186,32.0,3.0,3.9361284
jones-the-grocer-singapore-3,4.0,2262,32.0,40.0,3.93228
jones-the-grocer-singapore-3,4.0,198,32.0,9.0,3.9243135
riders-cafe-singapore,4.0,1542,60.0,79.0,3.9272063
lolas-cafe-singapore,4.0,36,90.0,85.0,3.9613426
lolas-cafe-singapore,4.0,186,90.0,3.0,3.9329014
lolas-cafe-singapore,4.0,23,90.0,17.0,3.9224634
lolas-cafe-singapore,4.0,1194,90.0,72.0,3.9405088
lolas-cafe-singapore,4.0,1066,90.0,380.0,3.900453
lolas-cafe-singapore,4.0,309,90.0,199.0,3.9201295
plain-vanilla-bakery-singapore-3,3.0,284,371.0,182.0,2.953797
meidi-ya-singapore-2,5.0,1850,75.0,806.0,4.8582835
meidi-ya-singapore-2,5.0,107,75.0,57.0,4.9246354
meidi-ya-singapore-2,5.0,1026,75.0,54.0,4.9159784
meidi-ya-singapore-2,5.0,2350,75.0,15.0,4.9018817
meidi-ya-singapore-2,5.0,1057,75.0,82.0,4.9014573
meidi-ya-singapore-2,5.0,1352,75.0,805.0,4.9268503
meidi-ya-singapore-2,5.0,2043,75.0,0.0,4.8878846
bundt-by-the-backyard-bakers-singapore,5.0,1667,469.0,29.0,4.8866696
graffiti-cafe-singapore-2,3.0,1989,621.0,35.0,2.940928
stamping-ground-singapore-2,4.0,1599,221.0,83.0,3.912235
stamping-ground-singapore-2,4.0,2043,221.0,0.0,3.936964
westin-lobby-lounge-singapore,5.0,2543,265.0,258.0,4.9019933
westin-lobby-lounge-singapore,5.0,2043,265.0,0.0,4.900849
yahava-koffeeworks-singapore,5.0,57,141.0,39.0,4.9113946
dulcet-and-studio-singapore,4.0,2350,151.0,15.0,3.9280803
dulcet-and-studio-singapore,4.0,302,151.0,262.0,3.9455204
dulcet-and-studio-singapore,4.0,2043,151.0,0.0,3.9168737
the-milky-way-singapore,4.0,1075,414.0,10.0,3.9373167
the-milky-way-singapore,4.0,2097,414.0,33.0,3.9231153
curry-leaf-singapore,4.0,1051,724.0,5.0,3.9175704
da-paolo-gastronomia-raffles-city-singapore,4.0,561,334.0,294.0,3.9100926
starbucks-singapore-89,5.0,2043,953.0,0.0,4.870632
ta-ke-cafe-singapore,3.0,26,978.0,96.0,2.9569926
ya-kun-kaya-toast-singapore-13,4.0,635,145.0,369.0,3.9418032
gram-singapore-2,5.0,1222,515.0,69.0,4.9064603
wheelers-yard-singapore,5.0,1663,56.0,570.0,4.8543906
wheelers-yard-singapore,5.0,2061,56.0,4.0,4.8882904
wheelers-yard-singapore,5.0,553,56.0,161.0,4.874771
wheelers-yard-singapore,5.0,1493,56.0,129.0,4.861995
wheelers-yard-singapore,5.0,861,56.0,62.0,4.9176702
wheelers-yard-singapore,5.0,1120,56.0,526.0,4.8614335
ladurée-singapore,4.0,14,109.0,406.0,3.9062603
ladurée-singapore,4.0,1788,109.0,177.0,3.957866
ladurée-singapore,4.0,1428,109.0,153.0,3.924948
d-good-cafe-singapore-3,5.0,665,254.0,28.0,4.9350343
d-good-cafe-singapore-3,5.0,2043,254.0,0.0,4.913443
fudebar-dine-at-stevens-singapore,5.0,2043,940.0,0.0,-0.78300804
highlander-coffee-singapore,5.0,105,228.0,89.0,4.8991294
pacific-coffee-singapore-4,4.0,2043,478.0,0.0,3.9139514
tai-cheong-bakery-singapore-2,5.0,2043,426.0,0.0,4.873067
tian-kee-and-co-singapore-2,3.0,2043,718.0,0.0,2.9416504
black-and-ink-no-title,5.0,27,170.0,11.0,4.895629
froth-singapore,4.0,1113,354.0,341.0,3.8957143
starbucks-singapore-121,5.0,2043,702.0,0.0,4.89731
keong-saik-bakery-singapore,4.0,2331,304.0,116.0,3.9467568
keong-saik-bakery-singapore,4.0,91,304.0,2.0,3.9040084
rich-and-good-cake-shop-singapore,5.0,809,105.0,44.0,4.894088
rich-and-good-cake-shop-singapore,5.0,898,105.0,41.0,4.866524
rich-and-good-cake-shop-singapore,5.0,1057,105.0,82.0,4.9003487
rich-and-good-cake-shop-singapore,5.0,1343,105.0,118.0,4.8985615
the-autobus-singapore,4.0,2043,913.0,0.0,3.8952665
ps-cafe-petit-singapore,4.0,1733,58.0,348.0,3.9388618
ps-cafe-petit-singapore,4.0,140,58.0,197.0,3.9534638
ps-cafe-petit-singapore,4.0,900,58.0,290.0,3.9256446
ps-cafe-petit-singapore,4.0,240,58.0,448.0,3.8910556
ps-cafe-petit-singapore,4.0,970,58.0,74.0,3.9208155
scoop-of-art-singapore,4.0,1861,726.0,70.0,3.930183
barcook-bakery-singapore-8,3.0,2043,837.0,0.0,2.9607775
chye-seng-huat-hardware-singapore,5.0,2013,11.0,516.0,4.8550525
chye-seng-huat-hardware-singapore,5.0,2019,11.0,647.0,4.9294205
chye-seng-huat-hardware-singapore,5.0,328,11.0,48.0,4.903353
chye-seng-huat-hardware-singapore,5.0,2350,11.0,15.0,4.8967705
chye-seng-huat-hardware-singapore,5.0,2237,11.0,8.0,4.882641
chye-seng-huat-hardware-singapore,5.0,209,11.0,38.0,4.903054
chye-seng-huat-hardware-singapore,5.0,407,11.0,95.0,4.880181
chye-seng-huat-hardware-singapore,5.0,428,11.0,656.0,4.922083
sunday-folks-singapore,5.0,1075,33.0,10.0,4.9018884
sunday-folks-singapore,5.0,2044,33.0,25.0,4.8897557
sunday-folks-singapore,5.0,122,33.0,198.0,4.891238
sunday-folks-singapore,5.0,2058,33.0,144.0,4.886739
killiney-kopitiam-singapore-6,5.0,2043,204.0,0.0,4.8510303
the-coffee-bean-and-tea-leaf-singapore-54,3.0,864,421.0,402.0,0.26767725
the-coffee-bean-and-tea-leaf-singapore-54,3.0,1636,421.0,156.0,0.26616028
the-coffee-bean-and-tea-leaf-singapore-54,3.0,2043,421.0,0.0,0.26919413
吃-western-singapore,4.0,2262,781.0,40.0,3.926909
percolate-singapore,5.0,1599,83.0,83.0,4.85652
arteastiq-singapore,4.0,1412,110.0,22.0,3.9179552
arteastiq-singapore,4.0,2454,110.0,391.0,3.8917992
arteastiq-singapore,4.0,1505,110.0,546.0,3.8936367
apiary-singapore,5.0,306,150.0,1.0,4.8758464
apiary-singapore,5.0,988,150.0,186.0,4.884988
mon-bijou-singapore,4.0,2097,369.0,33.0,3.9121215
ogopogo-singapore,5.0,2391,508.0,165.0,4.893871
chin-chin-restaurant-singapore,5.0,1771,68.0,217.0,4.8468585
chin-chin-restaurant-singapore,5.0,1274,68.0,58.0,4.8891907
drips-singapore,4.0,376,71.0,31.0,3.9294116
drips-singapore,4.0,1276,71.0,27.0,3.9094167
drips-singapore,4.0,1861,71.0,70.0,3.9264338
drips-singapore,4.0,2043,71.0,0.0,3.9186575
group-therapy-cafe-singapore,4.0,75,106.0,12.0,3.9359305
the-dog-and-bone-cafe-singapore-2,5.0,753,260.0,65.0,4.8926005
bakers-13-singapore,5.0,9,561.0,184.0,4.902332
the-tiong-bahru-club-singapore,4.0,1445,116.0,336.0,3.9088643
the-tiong-bahru-club-singapore,4.0,297,116.0,301.0,3.9204018
the-tiong-bahru-club-singapore,4.0,2463,116.0,254.0,3.9220383
bread-yard-singapore-2,4.0,1022,147.0,66.0,3.9336405
killiney-kopitiam-singapore-4,5.0,1276,14.0,27.0,4.8535414
cafe-football-singapore,5.0,399,344.0,157.0,4.8928595
dot-and-dash-singapore,4.0,2025,657.0,589.0,3.981949
lana-cake-singapore-3,5.0,898,123.0,41.0,4.856865
lana-cake-singapore-3,5.0,2043,123.0,0.0,4.877096
the-coffee-bean-and-tea-leaf-singapore-23,4.0,2551,379.0,568.0,3.9114223
traditional-haig-road-putu-piring-singapore-3,5.0,2043,158.0,0.0,4.872038
the-affogato-bar-singapore,4.0,1425,242.0,139.0,3.934519
the-affogato-bar-singapore,4.0,2479,242.0,7.0,3.9172728
the-affogato-bar-singapore,4.0,2396,242.0,228.0,3.8650396
starbucks-singapore-21,4.0,651,270.0,793.0,3.8999255
starbucks-singapore-21,4.0,2043,270.0,0.0,3.9253852
the-company-of-cats-singapore,5.0,2046,248.0,814.0,4.8404937
pies-and-coffee-singapore-5,4.0,2043,522.0,0.0,3.948747
black-white-tale-singapore,4.0,1667,902.0,29.0,3.9174964
nanyang-old-coffee-singapore,5.0,23,42.0,17.0,4.852133
toast-box-singapore,5.0,2043,119.0,0.0,4.8544955
espressoul-singapore-2,4.0,570,337.0,59.0,3.932087
marco-marco-singapore-4,5.0,2043,466.0,0.0,4.883735
arabica-singapore,5.0,1585,506.0,13.0,4.89194
common-man-coffee-roasters-singapore,4.0,207,2.0,784.0,3.9180338
common-man-coffee-roasters-singapore,4.0,1065,2.0,731.0,3.9649017
common-man-coffee-roasters-singapore,4.0,721,2.0,154.0,3.9671001
common-man-coffee-roasters-singapore,4.0,740,2.0,810.0,3.9060135
common-man-coffee-roasters-singapore,4.0,2237,2.0,8.0,3.9297302
common-man-coffee-roasters-singapore,4.0,2479,2.0,7.0,3.9391282
common-man-coffee-roasters-singapore,4.0,2138,2.0,162.0,3.9314063
common-man-coffee-roasters-singapore,4.0,148,2.0,632.0,3.9650505
common-man-coffee-roasters-singapore,4.0,689,2.0,483.0,3.9674485
going-om-singapore,5.0,1868,79.0,76.0,4.8943095
going-om-singapore,5.0,26,79.0,96.0,4.8978376
going-om-singapore,5.0,2391,79.0,165.0,4.8614984
going-om-singapore,5.0,2346,79.0,261.0,4.8857794
flavour-flings-singapore,5.0,1667,201.0,29.0,4.875513
la-lola-churreria-singapore,3.0,309,892.0,199.0,2.9385817
dutch-colony-coffee-singapore,4.0,665,131.0,28.0,3.9309547
dutch-colony-coffee-singapore,4.0,1493,131.0,129.0,3.8968225
dutch-colony-coffee-singapore,4.0,765,131.0,365.0,3.9347262
dutch-colony-coffee-singapore,4.0,2043,131.0,0.0,3.9139073
dutch-colony-coffee-singapore,4.0,1275,131.0,407.0,3.8900316
the-garden-slug-singapore,4.0,666,149.0,722.0,3.9135664
soi-55-singapore-2,4.0,1475,962.0,20.0,3.9397762
eat-me-singapore-2,5.0,407,365.0,95.0,4.9038057
dimbulah-singapore,4.0,1882,294.0,46.0,3.9625998
dimbulah-singapore,4.0,2043,294.0,0.0,3.9627793
old-town-white-coffee-singapore-10,4.0,2043,529.0,0.0,3.954441
toast-box-singapore-8,5.0,469,118.0,518.0,4.8141184
toast-box-singapore-8,5.0,2043,118.0,0.0,4.83876
toast-box-singapore-42,4.0,433,573.0,93.0,3.881589
toast-box-singapore-42,4.0,2043,573.0,0.0,3.8916032
grids-and-circles-singapore-2,4.0,1573,722.0,715.0,3.959109
foong-kee-coffee-shop-singapore,5.0,1786,124.0,135.0,4.9192324
foong-kee-coffee-shop-singapore,5.0,1087,124.0,252.0,4.894589
sarnies-singapore,4.0,1213,30.0,94.0,3.9497144
sarnies-singapore,4.0,1621,30.0,268.0,3.9446929
sarnies-singapore,4.0,2047,30.0,629.0,3.955921
sarnies-singapore,4.0,1397,30.0,56.0,3.9382267
sarnies-singapore,4.0,91,30.0,2.0,3.9036174
sarnies-singapore,4.0,2326,30.0,124.0,3.9349344
sarnies-singapore,4.0,2043,30.0,0.0,3.917169
one-man-coffee-singapore,5.0,903,99.0,115.0,4.931283
one-man-coffee-singapore,5.0,2247,99.0,120.0,4.9025545
one-man-coffee-singapore,5.0,2237,99.0,8.0,4.8933773
one-man-coffee-singapore,5.0,949,99.0,97.0,4.931884
flying-hog-cafe-and-bar-singapore,3.0,898,942.0,41.0,2.9296005
starbucks-southern-islands,5.0,1486,184.0,81.0,4.896648
starbucks-southern-islands,5.0,1791,184.0,286.0,4.9067183
summerlong-singapore,3.0,2043,302.0,0.0,2.948315
nunsaram-singapore,5.0,2358,313.0,122.0,4.9226165
the-alley-singapore,4.0,2073,901.0,90.0,3.9431212
curious-palette-singapore,4.0,2167,66.0,285.0,3.954126
curious-palette-singapore,4.0,2247,66.0,120.0,3.926181
curious-palette-singapore,4.0,1719,66.0,326.0,3.896088
isle-eating-house-singapore,5.0,1682,405.0,410.0,4.85135
isle-eating-house-singapore,5.0,2043,405.0,0.0,4.887778
violet-oons-kitchen-singapore,5.0,1058,46.0,392.0,4.8564897
violet-oons-kitchen-singapore,5.0,376,46.0,31.0,4.8884206
violet-oons-kitchen-singapore,5.0,107,46.0,57.0,4.9116826
violet-oons-kitchen-singapore,5.0,152,46.0,49.0,4.87231
violet-oons-kitchen-singapore,5.0,1786,46.0,135.0,4.9176507
violet-oons-kitchen-singapore,5.0,115,46.0,30.0,4.889987
violet-oons-kitchen-singapore,5.0,2043,46.0,0.0,4.8750186
violet-oons-kitchen-singapore,5.0,2540,46.0,18.0,4.867053
living-cafe-and-deli-singapore,4.0,186,67.0,3.0,3.933962
living-cafe-and-deli-singapore,4.0,2225,67.0,700.0,3.9032445
punch-singapore,5.0,2474,186.0,107.0,4.9165115
little-creatures-brewing-singapore-singapore,5.0,1222,275.0,69.0,4.9174776
mama-patisserie-singapore,4.0,789,311.0,16.0,3.9208617
mama-patisserie-singapore,4.0,2061,311.0,4.0,3.9248347
mama-patisserie-singapore,4.0,671,311.0,80.0,3.926848
6oz-espresso-bar-singapore-2,5.0,152,616.0,49.0,4.9003315
hattendo-cafe-singapore,3.0,2043,632.0,0.0,2.9513276
esette-singapore-2,4.0,2043,681.0,0.0,3.9173663
street-submarine-singapore,4.0,631,964.0,188.0,3.8920186
wanna-cuppa-singapore,5.0,1501,174.0,563.0,4.851326
neko-no-niwa-singapore,5.0,2061,172.0,4.0,4.879328
wakey-wakey-singapore,5.0,2515,399.0,695.0,0.1284712
waterfall-cafe-singapore,5.0,302,144.0,262.0,4.933376
waterfall-cafe-singapore,5.0,2297,144.0,247.0,4.895485
pine-gardens-cake-singapore,4.0,675,153.0,6.0,3.9387524
pine-gardens-cake-singapore,4.0,1771,153.0,217.0,3.9105556
pine-gardens-cake-singapore,4.0,2044,153.0,25.0,3.9405975
pine-gardens-cake-singapore,4.0,861,153.0,62.0,3.9605713
liho-tea-singapore-28,4.0,2043,785.0,0.0,3.8847241
maxwell-food-centre-singapore-3,5.0,377,0.0,458.0,4.7899704
maxwell-food-centre-singapore-3,5.0,164,0.0,47.0,4.847757
maxwell-food-centre-singapore-3,5.0,2278,0.0,581.0,4.9127545
maxwell-food-centre-singapore-3,5.0,898,0.0,41.0,4.824242
maxwell-food-centre-singapore-3,5.0,2285,0.0,547.0,4.9023147
maxwell-food-centre-singapore-3,5.0,281,0.0,381.0,4.8101287
maxwell-food-centre-singapore-3,5.0,1706,0.0,761.0,4.7622247
maxwell-food-centre-singapore-3,5.0,614,0.0,173.0,4.8917675
maxwell-food-centre-singapore-3,5.0,240,0.0,448.0,4.8101287
maxwell-food-centre-singapore-3,5.0,407,0.0,95.0,4.8415356
maxwell-food-centre-singapore-3,5.0,996,0.0,622.0,4.8101287
maxwell-food-centre-singapore-3,5.0,1002,0.0,630.0,4.8101287
maxwell-food-centre-singapore-3,5.0,1416,0.0,170.0,4.8761106
ten-rens-tea-singapore,4.0,430,670.0,102.0,3.9285505
tong-heng-singapore-3,5.0,793,18.0,444.0,4.8383527
tong-heng-singapore-3,5.0,663,18.0,432.0,4.916037
tong-heng-singapore-3,5.0,1696,18.0,293.0,4.8025737
tong-heng-singapore-3,5.0,1908,18.0,237.0,4.937683
tong-heng-singapore-3,5.0,1266,18.0,203.0,4.8564324
tong-heng-singapore-3,5.0,371,18.0,424.0,4.9425287
the-muffinry-bakery-and-cafe-singapore,4.0,1599,74.0,83.0,3.900964
the-muffinry-bakery-and-cafe-singapore,4.0,1405,74.0,422.0,3.9468107
whisk-cafe-singapore,5.0,2539,138.0,676.0,4.8280296
benjamin-barker-cafe-singapore,4.0,2141,755.0,92.0,3.9399648
paddy-hills-singapore,4.0,1103,104.0,190.0,3.9172025
paddy-hills-singapore,4.0,27,104.0,11.0,3.932292
lowercase-singapore,4.0,1387,180.0,833.0,3.9643536
singapore-swimming-club-singapore,5.0,2043,468.0,0.0,4.873528
rafees-corner-singapore,4.0,1771,917.0,217.0,3.9002163
cedele-singapore-47,4.0,2043,932.0,0.0,3.9166512
mr-teh-tarik-eating-house-singapore-5,5.0,2043,584.0,0.0,4.8971257
lucky-food-centre-singapore,3.0,1727,841.0,305.0,2.9698126
enchanted-cafe-singapore,5.0,1919,407.0,660.0,4.961604
enchanted-cafe-singapore,5.0,1084,407.0,425.0,4.87565
cafe-cartel-singapore-2,4.0,1517,521.0,148.0,-0.3465356
cafe-cartel-singapore-2,4.0,2043,521.0,0.0,-0.34616563
sprout-singapore-2,5.0,225,788.0,43.0,4.909968
espressivo-cafe-singapore,5.0,2043,617.0,0.0,0.06737536
kraftwich-by-swissbake-singapore,5.0,2043,963.0,0.0,0.060842007
the-fabulous-baker-boy-singapore,4.0,14,36.0,406.0,3.9110248
the-fabulous-baker-boy-singapore,4.0,852,36.0,452.0,3.9792476
the-fabulous-baker-boy-singapore,4.0,2291,36.0,486.0,3.8082695
the-fabulous-baker-boy-singapore,4.0,464,36.0,769.0,3.910165
the-fabulous-baker-boy-singapore,4.0,115,36.0,30.0,3.9455607
the-fabulous-baker-boy-singapore,4.0,2043,36.0,0.0,3.9334745
the-fabulous-baker-boy-singapore,4.0,2540,36.0,18.0,3.9269767
kith-cafe-singapore-3,4.0,2043,187.0,0.0,3.9318388
toast-box-singapore-27,4.0,1051,208.0,5.0,3.9463186
toast-box-singapore-27,4.0,2141,208.0,92.0,3.9693146
hoshino-coffee-singapore-4,4.0,869,393.0,181.0,3.9222202
atlas-coffeehouse-singapore,5.0,665,89.0,28.0,4.8999715
atlas-coffeehouse-singapore,5.0,1425,89.0,139.0,4.9116225
atlas-coffeehouse-singapore,5.0,756,89.0,418.0,4.9038215
atlas-coffeehouse-singapore,5.0,2493,89.0,21.0,4.9076138
atlas-coffeehouse-singapore,5.0,1700,89.0,515.0,4.9353237
walking-on-sunshine-cafe-singapore,4.0,1722,401.0,73.0,3.950764
da-paolo-gastronomia-orchard-paragon-singapore,4.0,964,422.0,131.0,3.913387
